item,qty,spec,supplier,unit_cost_usd,make_buy,notes
"1 Enclosure lid, drilled",1,"Lid of IP54 ABS box, 100 x 68 x 40 mm overall (lid 12 mm), with the box's four lid screws; one 3.2 mm hole for the light pipe",Electrical wholesaler or online retailer,3.50,buy,Indicative price; box cost split between lines 1 and 2; check the box's continuous-use temperature (70 degC assumed in MPL-CAL-001)
"2 Enclosure base, drilled, with cable glands",1,"Base of the same box (28 mm) with four moulded corner pillars; drilled for the 24 mm boss hole, four 3.2 mm stand-off screw holes, four 3.2 mm carrier screw holes, one 16.2 mm and two 12.2 mm gland holes; one M16 IP68 nylon gland (cable 4 to 8 mm) for the CT lead and two M12 IP68 glands (cable 3 to 6.5 mm) for the probe and power leads",Electrical wholesaler or online retailer,6.00,buy,Indicative price; was 5.50 with two M12 glands; the M16 gland lets the CT's 3.5 mm plug pass its seal (MPL-DDR-003)
3 Controller module board,1,"ESP32-S3 module board, 8 MB flash, no octal PSRAM (module rated to 85 degC), USB-C, Wi-Fi and BLE, about 51 x 22 mm",Espressif distributor or online retailer,9.00,buy,Indicative price; module variants with octal PSRAM are rated to 65 degC only (MPL-CAL-001 G4)
4 Vibration accelerometer,1,"IIS3DWB-class 3-axis MEMS, dc to 6 kHz, 75 ug/sqrt(Hz), SPI, set to +-16 g, on an 18 x 18 mm adapter board",Electronics distributor (ST adapter board or third-party breakout),15.00,buy,Estimate; breakout availability unverified; ADXL345-class fallback about $6 misses R6
5 Aluminium sensor block and boss,1,"Block: 6061 or scrap aluminium plate 76 x 36 x 10 mm, tapped M6 through at the two magnets and M3 through at the four stand-offs. Boss: 20 mm aluminium round bar, 11 mm long, tapped M6 8 deep in its base. Joined by an M6 x 12 set screw (line 12)",Self,4.00,make,Material cost only; hand tools and a drill press; the boss is a separate piece so no lathe is needed (MPL-DDR-003)
6 Pot magnets,2,"32 mm high-temperature neodymium pot magnet (rated 120 degC or more) with M6 threaded stud, about 290 N rated pull",Hardware or online retailer,4.00,buy,Indicative price; high-temperature grade per MPL-DDR-002 (was 3.50 standard 80 degC grade); pull on painted curved frames estimated in MPL-CAL-001 E
7 Carrier board,1,"Perfboard cut to 45 x 56 mm carrying the interface circuit (CT bias divider 1.50 V and RC filter, series resistor and clamp diodes on the CT input), a 3.5 mm jack socket for the CT, a 2-way screw terminal for 5 V in, a 3-way screw terminal for the probe, a status LED with a 3 mm light pipe 29 mm long, a push button and two 1 x 20 female header sockets for the controller",Self (parts from an electronics distributor),6.00,make,"Components and board; no custom PCB at this stage; was 5.00 for two separate boards; header sockets, terminals and light pipe added (MPL-DDR-003)"
8 Split-core current transformer,1,"YHDC SCT-013 family, voltage output (1 V at rated current), 13 mm aperture, range chosen per machine (5 to 60 A; 30 A for the design case)",Online retailer,10.00,buy,Indicative price; never a current-output type such as the 100 A SCT-013-000
9 Surface temperature probe,1,"DS18B20 in 6 mm stainless sleeve 34 mm long, 1 m lead with bare ends, and a 6 x 20 x 0.5 mm thermal pad",Online retailer,3.00,buy,Indicative price; the clip is now line 14 (MPL-DDR-003)
10 USB power supply and cable,1,Certified 5 V 1 A plug-in adapter with a USB-A socket and a 2 m USB-A cable; the far plug is cut off and the two power wires go through the power gland to the carrier's 5 V terminal,Local retailer,8.00,buy,Not shown in the model; the adapter must carry a local safety mark
11 Steel adhesive mounting pads,2,"35 mm diameter x 3 mm mild steel discs with two-part epoxy, for aluminium-frame motors",Hardware store or metal stockist,2.00,buy,Not shown in the model; indicative price; 3 mm thickness sized in MPL-CAL-001 E5
12 Hardware and consumables,1,"Silicone grommet for a 24 mm hole in 2.5 mm panel with a 20 mm bore; M6 x 12 set screw; four M3 x 12 nylon pan-head screws; four M3 x 5 hex stand-offs with eight M3 x 6 screws; medium threadlocker; rigid two-part epoxy; high-temperature epoxy; wire, heat shrink, cable ties",Hardware store,3.50,buy,"Indicative price; was 3.00 with a moulded boot; the grommet, set screw and carrier fixings are added (MPL-DDR-003)"
13 Insulating stand-offs,4,"Nylon spacers, 6 mm diameter, 3.2 mm bore, 5 mm long, between block and box floor (their M3 nylon screws are in line 12)",Hardware or electronics retailer,0.25,buy,Indicative price; thermal break sized in MPL-CAL-001 G
14 Probe clip,1,"Aluminium bar offcut 42 x 16 x 10 mm with a 6.2 mm wide, 6.5 mm deep groove across it and two 12.2 mm pockets 3 mm deep, holding two 12 x 3 mm high-temperature neodymium discs (rated 150 degC or more)",Self (magnets from an online retailer),2.50,make,"New line; replaces the bought magnetic clip in line 9, which held the sleeve clear of the frame (MPL-DDR-003)"
